tahun,idx,x_pca2d,y_pca2d,cluster
2019,0,6.8147,11.6062,0
2019,1,-2.8883,10.3814,1
2019,2,-8.5429,14.9462,0
2019,3,-7.6337,15.8083,0
2019,4,-4.7968,16.0364,0
2019,5,-5.4928,5.318,0
2019,6,-4.2613,2.9095,0
2019,7,-5.5465,3.368,0
2019,8,-3.9604,2.9888,0
2019,9,-8.9528,9.7393,0
2019,10,-6.0889,7.8704,0
2019,11,-1.7765,17.2787,0
2019,12,-0.0949,17.9891,0
2019,13,-8.4302,6.055,1
2019,14,-9.8848,3.541,1
2019,15,-1.1555,5.9574,0
2019,16,-4.9816,15.9317,0
2019,17,2.3532,12.7893,0
2019,18,-2.6656,15.5633,0
2019,19,4.6681,6.6636,0
2019,20,-3.0194,9.1786,0
2019,21,0.6224,1.4078,0
2019,22,-3.8274,16.4541,0
2019,23,-5.0361,15.073,0
2019,24,-28.5817,-7.9247,0
2019,25,-26.9496,-11.487,0
2019,26,-29.9734,-10.5493,0
2019,27,-6.0831,16.946,1
2019,28,6.5207,-1.0324,1
2019,29,2.4108,-0.0998,1
2019,30,-19.7917,8.0417,1
2019,31,-1.1426,8.6377,1
2019,32,-0.7924,7.3965,1
2019,33,5.2332,-1.2803,1
2019,34,7.9487,-12.1298,1
2019,35,2.8108,15.6129,1
2019,36,5.9338,6.7138,1
2019,37,8.8132,-1.3645,1
2019,38,9.6594,7.7398,1
2019,39,13.7449,-7.4221,1
2019,40,3.5169,-8.0113,1
2019,41,4.1021,-8.4587,1
2019,42,8.9726,-5.7883,1
2019,43,11.0426,-6.6513,0
2019,44,-0.0351,-3.0184,0
2019,45,2.482,6.0304,0
2019,46,4.3365,-6.7566,0
2019,47,0.1227,-2.0581,1
2019,48,7.9378,0.4375,0
2019,49,3.0739,1.9319,1
2019,50,10.4851,-0.2116,1
2019,51,12.8376,0.7897,1
2019,52,-0.5806,-8.958,0
2019,53,7.8528,7.4114,0
2019,54,-10.0094,-8.4731,1
2019,55,-1.9124,7.9097,0
2019,56,-0.3224,5.5293,0
2019,57,-3.8756,9.4455,0
2019,58,-0.8515,6.7436,0
2019,59,-4.1199,8.7222,0
2019,60,0.6733,-1.1904,1
2019,61,-15.6298,-12.5447,1
2019,62,6.5854,-0.3025,0
2019,63,3.436,-6.0773,1
2019,64,9.9422,-7.1542,0
2019,65,11.1698,-5.8863,0
2019,66,8.6516,-3.765,0
2019,67,8.7004,-7.8522,0
2019,68,-24.3934,-11.9121,0
2019,69,-24.7918,-11.5079,0
2019,70,-28.002,-9.6293,0
2019,71,-26.3128,-16.9713,0
2019,72,13.7322,6.9381,1
2019,73,3.0389,-0.0021,1
2019,74,0.748,-2.9678,0
2019,75,-0.2211,-5.1394,0
2019,76,-5.5517,-3.5983,0
2019,77,-5.8023,-5.8939,0
2019,78,1.6452,-3.8102,0
2019,79,8.7348,-6.7744,1
2019,80,-0.9176,0.1776,0
2019,81,-1.2429,10.1114,0
2019,82,-3.1161,13.0304,0
2019,83,-2.2013,9.0183,0
2019,84,-0.3081,7.4862,0
2019,85,-0.5634,10.2898,0
2019,86,-2.0841,6.5336,0
2019,87,-3.1624,13.1857,0
2019,88,-5.7315,-4.9175,1
2019,89,-7.4988,-2.2494,1
2019,90,-3.3884,-0.155,0
2019,91,-4.2903,0.6537,0
2019,92,-4.9573,2.4736,0
2019,93,4.0321,-7.2755,1
2019,94,-0.2799,-1.7261,1
2019,95,-1.7722,6.1656,0
2019,96,7.0174,2.0798,1
2019,97,1.6111,-8.7254,1
2019,98,-1.5604,-4.2336,1
2019,99,-0.6228,-9.3443,1
2019,100,1.097,-6.2006,1
2019,101,6.7164,-11.0773,0
2019,102,0.9155,1.9313,0
2019,103,-0.9886,-2.5234,0
2019,104,-1.0846,-3.4726,0
2019,105,-0.5558,-2.3944,0
2019,106,3.9109,-2.9497,0
2019,107,4.3043,1.8456,0
2019,108,-1.2483,1.7623,0
2019,109,2.46,4.7937,1
2019,110,8.3478,6.2984,0
2019,111,14.6756,-0.2611,1
2019,112,-1.6747,-12.4023,1
2019,113,10.2626,1.4118,1
2019,114,9.4205,-3.231,1
2019,115,12.6059,-7.2955,1
2019,116,5.4593,-0.6071,0
2019,117,5.2215,1.7145,1
2019,118,2.6438,1.0017,0
2019,119,3.4184,-3.1392,0
2019,120,-7.3673,-2.2563,0
2019,121,2.6813,-11.4282,0
2019,122,4.2354,-7.7623,0
2019,123,-0.5279,-5.0167,0
2019,124,-0.0462,-2.9908,0
2019,125,2.2164,-6.5209,0
2019,126,-1.7495,-2.4019,0
2019,127,-0.8087,-7.1278,0
2019,128,12.4916,-11.104,1
2019,129,1.5677,-7.1279,1
2019,130,5.3919,-9.321,1
2019,131,9.7167,-2.4404,1
2019,132,10.1285,-11.6718,0
2019,133,1.8792,-5.5205,0
2019,134,6.1813,-5.7318,0
2019,135,8.4934,-2.8561,0
2019,136,-3.4112,-6.6276,0
2019,137,1.0138,1.0311,1
2019,138,9.7156,-5.3299,0
2019,139,1.9358,-2.8614,0
2019,140,0.8422,-1.1111,0
2019,141,-2.9077,-4.0498,0
2019,142,5.9781,-6.259,0
2019,143,-0.0414,-7.93,0
2019,144,5.1016,-6.7402,0
2019,145,5.8276,-9.8057,0
2020,0,-0.8895,-5.1318,1
2020,1,0.6938,-8.7653,1
2020,2,-8.5405,5.9475,1
2020,3,4.1327,0.5142,2
2020,4,9.9346,-3.4291,0
2020,5,3.0131,-5.2921,1
2020,6,1.0362,5.1479,1
2020,7,-3.8236,-0.4286,1
2020,8,-2.6961,4.4414,1
2020,9,-7.27,0.8949,0
2020,10,7.8001,-5.5556,1
2020,11,5.614,12.0004,2
2020,12,-1.1272,13.5327,2
2020,13,6.0792,-8.0228,1
2020,14,4.7191,0.6124,1
2020,15,4.5713,-1.2379,1
2020,16,-3.686,8.4585,1
2020,17,-22.1545,-8.4502,1
2020,18,13.6669,-6.5488,0
2020,19,1.6548,1.3734,1
2020,20,0.377,-3.6124,1
2020,21,-10.009,-8.0566,2
2020,22,3.6858,-9.0818,1
2020,23,1.0113,-5.4557,0
2020,24,0.1218,-3.4898,0
2020,25,1.3308,-7.3814,1
2020,26,-1.7108,-2.9673,1
2020,27,-15.1456,-5.0993,1
2020,28,-0.2072,-2.6959,0
2020,29,5.4646,-3.669,1
2020,30,5.012,0.8656,2
2020,31,6.3377,3.6065,2
2020,32,9.409,-5.4109,0
2020,33,7.5806,-9.724,0
2020,34,6.1,-2.2285,0
2020,35,-1.7782,-4.2356,1
2020,36,2.1599,-0.9852,1
2020,37,-3.1433,-3.6366,1
2020,38,1.3354,-12.7894,1
2020,39,-5.5678,-1.3072,1
2020,40,-5.2679,-6.2969,1
2020,41,-2.1424,2.9446,1
2020,42,-4.9762,-9.4786,2
2020,43,-1.3998,-6.9313,1
2020,44,9.8199,-8.753,1
2020,45,6.7333,-4.8624,1
2020,46,1.8014,-4.2267,1
2020,47,4.4349,-3.2755,0
2020,48,-3.9594,-7.3681,1
2020,49,-8.4429,4.5566,1
2020,50,-13.8215,3.671,1
2020,51,-4.8714,-4.9561,1
2020,52,-3.0034,7.6079,1
2020,53,4.0325,-3.1745,0
2020,54,6.3259,-8.1339,1
2020,55,-1.0448,4.413,1
2020,56,5.383,-2.5682,0
2020,57,4.3207,-0.691,1
2020,58,-7.176,-6.3629,1
2020,59,12.6841,8.8989,0
2020,60,5.6899,6.7878,2
2020,61,5.742,-5.5195,2
2020,62,2.2387,-0.3084,1
2020,63,11.523,0.143,0
2020,64,4.1265,0.4151,0
2020,65,13.7846,-4.6412,2
2020,66,-0.0317,-0.9364,1
2020,67,0.9082,-0.3194,2
2020,68,4.1943,15.4282,1
2020,69,13.9501,-4.2505,0
2020,70,-5.8296,-9.8425,1
2020,71,7.2524,1.3245,1
2020,72,-0.4681,1.6546,0
2020,73,5.2649,7.4194,0
2020,74,-3.8688,6.3157,1
2020,75,0.1466,5.845,1
2020,76,1.0705,-5.7605,1
2020,77,-2.1327,-2.3461,1
2020,78,-4.5751,-3.6047,1
2020,79,1.7648,-8.5066,1
2020,80,5.2328,-7.5718,1
2020,81,0.947,-10.1024,1
2020,82,1.543,-3.8923,1
2020,83,-0.9916,6.8262,1
2020,84,2.5233,-5.0042,1
2020,85,3.4316,-0.9048,0
2020,86,6.4146,-0.8618,1
2020,87,-1.8348,-6.5705,0
2020,88,-1.9904,-7.585,0
2020,89,3.4951,-7.2101,0
2020,90,3.3039,-9.0347,1
2020,91,0.4682,-8.1807,1
2020,92,2.5351,-3.2608,2
2020,93,4.1846,-3.9134,1
2020,94,-2.9091,-2.1182,0
2020,95,12.1133,-8.2071,2
2020,96,4.019,-2.5642,1
2020,97,6.9927,-12.2758,1
2020,98,1.3031,-3.9243,1
2020,99,-1.3956,-6.4739,1
2020,100,0.522,-7.0143,1
2020,101,-3.849,-3.3084,0
2020,102,4.6505,-3.3559,1
2020,103,5.3902,-4.8569,1
2020,104,-2.0205,4.2498,1
2020,105,0.5581,-6.7689,1
2020,106,2.9906,-4.2608,1
2020,107,-3.5917,-2.6252,1
2020,108,2.7895,-7.3078,1
2020,109,-0.8996,-1.6457,1
2020,110,1.4288,-2.5519,1
2020,111,1.4758,-1.1942,1
2020,112,4.8279,-3.2979,1
2020,113,1.8437,-3.1698,0
2020,114,-5.085,-3.3095,0
2020,115,0.0705,-6.911,0
2020,116,-3.9238,-4.9668,0
2020,117,2.1002,-9.9306,1
2020,118,-0.3667,-1.4906,1
2020,119,0.0292,-0.1078,1
2020,120,-2.3829,-2.9866,1
2020,121,-5.5242,-1.641,1
2020,122,-2.1099,-13.4023,1
2020,123,2.1073,-9.0499,1
2020,124,-0.2719,-3.4174,1
2020,125,2.8304,-4.2601,1
2020,126,0.4008,1.3017,1
2020,127,-4.3337,-4.3348,1
2020,128,-4.2558,2.2494,1
2020,129,-6.6073,-2.7797,1
2020,130,-2.1854,-6.548,1
2020,131,-3.9344,-5.6661,1
2020,132,-1.5931,-10.9813,1
2020,133,-10.3493,-7.5809,1
2020,134,-12.869,-5.8746,1
2020,135,-13.9948,-7.9948,1
2020,136,-14.2357,-11.9549,1
2020,137,-8.0179,-2.8828,1
2020,138,0.2901,-4.6129,1
2020,139,-2.4383,3.5822,1
2020,140,0.1242,-0.4768,1
2020,141,0.5413,2.281,0
2020,142,0.6383,1.0393,0
2020,143,2.9461,-3.212,0
2020,144,-15.6105,-1.4647,0
2020,145,3.661,2.5732,0
2020,146,2.5594,-3.3776,1
2020,147,-1.0439,5.4978,1
2020,148,0.5589,1.2076,0
2020,149,-0.499,-1.5871,1
2020,150,3.9866,-4.4467,1
2020,151,4.6311,9.2554,2
2020,152,9.3859,3.3662,2
2020,153,7.2064,4.5102,2
2020,154,7.1936,2.7266,2
2020,155,9.4914,-3.4408,1
2020,156,5.6087,13.9528,2
2020,157,4.737,-0.1667,2
2020,158,8.7963,2.4897,2
2020,159,-2.3638,-0.6205,1
2020,160,6.6107,-3.2848,2
2020,161,8.4005,-5.6662,0
2020,162,5.4458,-5.1683,1
2020,163,-2.7486,-8.8148,1
2020,164,-5.4495,-15.5926,1
2020,165,3.876,-7.5738,1
2020,166,2.0839,-1.3082,1
2020,167,9.0573,-4.6771,1
2020,168,-2.3127,7.12,1
2020,169,0.9659,8.9698,1
2020,170,2.4265,6.677,1
2020,171,1.9886,-4.9606,0
2020,172,2.4413,-0.5358,0
2020,173,1.085,4.3222,1
2020,174,5.0085,-1.6361,1
2020,175,1.231,-5.3768,1
2020,176,2.8523,-7.5393,1
2020,177,7.2455,-2.9603,1
2020,178,-4.33,-3.8073,1
2020,179,0.7242,-13.1276,1
2020,180,4.99,-10.9506,1
2020,181,0.0337,2.6255,1
2020,182,11.4179,-1.5376,2
2020,183,-4.3968,-2.834,1
2020,184,-7.7564,-0.8568,1
2020,185,-1.9645,-6.7381,1
2020,186,1.6232,-10.0706,1
2020,187,0.4805,-2.4226,1
2020,188,0.0605,-5.2096,1
2020,189,6.175,-7.8179,1
2020,190,2.7332,-4.847,0
2020,191,3.4037,-7.7993,0
2020,192,0.7074,-6.5572,0
2020,193,-1.5859,-4.7866,1
2020,194,2.2664,-3.3157,1
2020,195,-1.5041,-5.8648,1
2020,196,5.754,-8.0175,1
2020,197,-2.1834,-11.1072,1
2020,198,-6.3454,-1.1595,1
2020,199,3.3509,1.2044,1
2020,200,7.5719,-1.835,1
2020,201,8.5063,-6.8423,2
2020,202,6.715,-9.4614,2
2020,203,11.7214,-11.674,2
2020,204,9.8507,-6.2992,2
2020,205,10.4994,-7.9077,1
2020,206,5.2069,-7.2915,1
2020,207,-1.1805,-1.343,1
2020,208,1.6791,-5.7728,1
2020,209,0.1676,-3.1658,1
2020,210,1.9072,-0.0345,0
2020,211,-3.2076,-1.9253,0
2020,212,0.0343,0.2563,1
2020,213,2.6542,-5.1765,1
2020,214,-0.2193,-3.8342,1
2020,215,0.0005,-6.1731,1
2020,216,4.6035,-6.267,1
2020,217,-5.2319,0.0457,1
2020,218,-0.9502,-2.1125,1
2020,219,-1.2755,4.2856,1
2020,220,3.0211,-2.4344,1
2020,221,-2.0771,-1.2,0
2020,222,0.885,-10.7928,1
2020,223,4.3811,-11.9981,1
2020,224,-1.2145,0.7143,1
2020,225,6.1437,-9.6157,1
2020,226,-11.933,-9.6758,1
2020,227,-4.0198,-1.3261,1
2020,228,-4.3656,0.4154,1
2020,229,0.46,-5.5264,1
2020,230,-9.3986,-0.1018,1
2020,231,-7.7379,3.1202,1
2020,232,-12.1107,8.9819,1
2020,233,-11.6178,-4.3186,1
2020,234,-2.8143,-10.487,1
2020,235,-5.3497,-8.354,1
2020,236,-4.7371,-11.2806,1
2020,237,-6.3767,-11.197,1
2020,238,-1.574,-16.201,1
2020,239,-17.8047,-12.549,1
2020,240,-22.2226,-13.5609,1
2020,241,-3.8685,-7.2704,1
2020,242,-5.0878,4.5234,0
2020,243,4.7664,-5.0237,0
2020,244,1.5986,-1.8204,1
2020,245,0.3123,-0.7408,2
2020,246,-8.2017,-2.8622,2
2020,247,-14.1077,-1.2706,2
2020,248,0.7391,-1.2025,2
2020,249,4.257,1.4456,2
2020,250,4.3102,4.0605,2
2020,251,0.8399,-0.3849,2
2020,252,0.3524,0.3438,2
2020,253,0.6502,0.5851,2
2020,254,-7.5051,-5.6001,2
2020,255,-13.16,0.5056,2
2020,256,1.2715,-1.6546,2
2020,257,4.9486,0.6643,2
2020,258,2.0601,6.4104,2
2020,259,3.9414,4.4916,2
2020,260,2.0642,5.873,2
2020,261,0.1253,4.481,2
2020,262,-7.1661,-6.4251,2
2020,263,-9.7629,-12.7903,2
2020,264,0.9262,-0.3507,2
2020,265,-1.5635,5.0484,2
2020,266,1.381,1.8588,2
2020,267,-8.6322,-1.8775,2
2020,268,-10.6464,-8.2345,2
2020,269,-0.0879,-0.7399,2
2020,270,2.8293,6.2858,2
2020,271,2.7497,2.8946,2
2020,272,4.7256,2.4272,2
2020,273,-4.9009,1.6665,1
2021,0,3.4608,-3.1413,1
2021,1,2.1426,-4.4839,1
2021,2,3.2751,9.6371,1
2021,3,-13.1247,1.7872,0
2021,4,1.6798,-0.6934,1
2021,5,2.5983,-3.9842,0
2021,6,0.5052,-2.1492,1
2021,7,0.7561,-0.5974,0
2021,8,9.8664,-6.3625,1
2021,9,-19.1734,-6.5886,0
2021,10,1.683,-6.9334,0
2021,11,-16.6564,-10.7792,0
2021,12,-10.1037,-0.3965,1
2021,13,7.5522,-2.5977,1
2021,14,-13.4821,-4.232,0
2021,15,-15.0313,-3.2263,0
2021,16,4.9646,2.428,1
2021,17,7.2383,-2.4135,1
2021,18,1.2374,-3.6641,0
2021,19,1.6654,14.7474,1
2021,20,-0.1717,13.9569,1
2021,21,3.705,11.4854,1
2021,22,0.18,11.7053,1
2021,23,3.0482,-5.5914,1
2021,24,1.8197,0.8053,1
2021,25,7.8529,-1.6211,1
2021,26,3.2463,-2.8017,1
2021,27,3.3306,-2.4487,1
2021,28,4.5537,4.0654,1
2021,29,4.9812,1.1862,1
2021,30,1.4446,7.2506,1
2021,31,14.7482,-1.7682,1
2021,32,-1.1262,8.2555,0
2021,33,14.6773,-2.8356,1
2021,34,7.8595,-3.943,1
2021,35,3.2188,-5.2758,1
2021,36,-2.2579,-0.8515,1
2021,37,-7.8365,1.9286,1
2021,38,1.1004,3.8875,1
2021,39,-8.9934,-6.2437,1
2021,40,1.0897,-3.5801,1
2021,41,-0.6507,-1.1223,1
2021,42,3.2715,-5.9721,1
2021,43,-1.2336,-3.7167,1
2021,44,-4.3626,4.0709,1
2021,45,-15.6272,-10.8063,0
2021,46,4.0657,-7.5001,1
2021,47,-7.9249,-6.5537,0
2021,48,-8.0677,-7.2327,1
2021,49,4.8994,0.2377,1
2021,50,-0.6296,-5.9295,0
2021,51,6.215,-0.6941,1
2021,52,-1.8014,-7.5291,1
2021,53,0.4761,1.5939,1
2021,54,12.7898,-6.2974,1
2021,55,-4.2559,-0.1238,0
2021,56,10.9942,-6.8066,1
2021,57,6.7649,-6.0782,1
2021,58,10.5038,-13.2085,1
2021,59,3.3401,-8.5489,1
2021,60,5.3223,-2.9915,1
2021,61,-3.9507,-10.8974,0
2021,62,-9.7412,-5.323,0
2021,63,-1.5075,-8.7533,1
2021,64,1.0972,-6.3237,1
2021,65,-1.429,0.0833,1
2021,66,-3.484,0.2762,1
2021,67,2.495,0.4448,0
2021,68,-2.0241,2.7263,0
2021,69,-1.8992,2.0162,1
2021,70,-1.4001,-2.0239,1
2021,71,3.4779,-3.0044,1
2021,72,6.0429,-0.8548,1
2021,73,0.6849,-4.5787,1
2021,74,0.1085,-1.9022,0
2021,75,6.421,-10.2163,1
2021,76,-2.0873,-5.2417,1
2021,77,1.6734,-4.4763,1
2021,78,4.1169,-6.2641,0
2021,79,2.6267,-1.2671,0
2021,80,10.6365,-9.1923,1
2021,81,-0.8185,-4.0781,1
2021,82,2.7891,-3.3413,1
2021,83,4.2421,-0.4442,1
2021,84,-12.0486,-6.9123,0
2021,85,8.172,-4.4556,1
2021,86,0.2219,-1.9946,0
2021,87,-1.2461,-1.0263,0
2021,88,1.2215,-2.4522,1
2021,89,4.602,-1.5648,1
2021,90,5.4584,-0.6106,1
2021,91,6.4674,-10.2029,1
2021,92,6.0248,1.3267,0
2021,93,6.875,-0.5914,0
2021,94,3.2208,-11.2643,1
2021,95,-0.027,1.5326,0
2021,96,0.3189,-2.6382,0
2021,97,4.0187,-2.4732,0
2021,98,2.1223,-1.2655,1
2021,99,-9.3219,-3.3577,0
2021,100,4.9696,-3.9723,1
2021,101,-0.8847,2.213,0
2021,102,-1.0206,-1.8896,0
2021,103,6.9715,-4.6852,1
2021,104,-5.4861,-0.0541,1
2021,105,-0.8056,-4.9618,1
2021,106,1.128,0.015,1
2021,107,3.8483,-5.926,1
2021,108,2.5763,4.3225,0
2021,109,3.478,7.4679,0
2021,110,-0.2132,0.621,0
2021,111,-2.087,8.7964,1
2021,112,6.618,5.6346,1
2021,113,7.5316,-3.8691,1
2021,114,-1.19,4.6283,0
2021,115,6.1019,4.4698,0
2021,116,6.2733,0.5024,0
2021,117,7.4542,-4.1883,0
2021,118,-5.1915,11.0157,1
2021,119,-0.2293,2.93,1
2021,120,5.6516,-3.1029,1
2021,121,-0.474,-4.1132,0
2021,122,-6.8443,1.0554,1
2021,123,-3.4414,-2.2281,0
2021,124,-13.102,-4.7758,0
2021,125,-5.854,-5.1032,0
2021,126,-10.274,-6.479,0
2021,127,9.8835,-3.2264,1
2021,128,1.1433,-2.92,0
2021,129,7.1803,-4.8256,1
2021,130,2.7117,-5.3406,0
2021,131,-2.6853,-4.6576,1
2021,132,-7.4368,-4.6308,0
2021,133,-3.5298,2.8776,1
2021,134,-4.0936,-0.3599,1
2021,135,10.8598,-0.8313,1
2021,136,3.7167,-0.7212,1
2021,137,-0.0271,-4.5696,1
2021,138,-0.4199,-6.1061,1
2021,139,0.3699,-6.6523,1
2021,140,0.1108,-6.3068,0
2021,141,-6.7258,-5.134,0
2021,142,7.2149,-1.7234,1
2021,143,3.0058,-1.7305,0
2021,144,6.5891,-9.3645,1
2021,145,-0.8935,5.2588,0
2021,146,1.7374,-6.6911,0
2021,147,-0.6782,-3.0003,0
2021,148,3.1805,-2.0251,0
2021,149,1.3797,-2.2486,0
2021,150,-10.9433,-3.1295,0
2021,151,1.8527,-3.8877,0
2021,152,-7.4409,-1.0299,0
2021,153,-0.4297,-4.2056,0
2021,154,4.9964,-4.7059,1
2021,155,-5.4571,-2.1767,0
2021,156,0.4884,-11.9941,1
2021,157,-0.1675,-6.193,1
2021,158,3.7508,3.5084,0
2021,159,2.073,-2.9272,1
2021,160,-1.66,4.3869,0
2021,161,6.2023,1.9968,0
2021,162,5.5548,2.9492,0
2021,163,-0.5933,-1.858,1
2021,164,-3.9131,0.8912,0
2021,165,7.4036,-6.3178,1
2021,166,-9.3564,1.5364,0
2021,167,8.4301,-5.0138,1
2021,168,1.304,-2.7487,1
2021,169,1.4897,-1.0731,0
2021,170,-22.2407,-5.9964,0
2021,171,-23.3125,-6.2005,0
2021,172,-21.9501,-9.4317,0
2021,173,-22.7499,-1.0294,0
2021,174,-22.6665,-7.0139,0
2021,175,-21.3039,-8.2263,0
2021,176,-9.5038,-7.9384,1
2021,177,-21.5648,-7.1549,0
2021,178,-21.7737,-2.086,0
2021,179,-20.1517,-9.2437,0
2021,180,-23.8021,-4.5455,0
2021,181,-21.089,0.5829,0
2021,182,4.0034,-0.9152,1
2021,183,3.962,2.5794,1
2021,184,2.1022,2.7284,1
2021,185,6.5331,-5.1338,1
2021,186,4.0829,-2.2798,1
2021,187,-7.682,0.4234,1
2021,188,-9.3458,-3.7336,1
2021,189,7.2225,0.0721,1
2021,190,6.2642,2.7233,1
2021,191,-10.3647,-7.8243,1
2021,192,9.505,-1.9817,1
2021,193,5.0286,8.8941,1
2021,194,4.6873,5.5585,1
2021,195,4.358,-5.8635,1
2021,196,9.5793,3.7564,0
2021,197,10.4778,-2.9597,1
2021,198,-0.2641,2.0283,0
2021,199,7.9668,1.7974,0
2021,200,4.8296,1.3479,0
2021,201,-3.732,8.7709,1
2021,202,3.4053,0.2772,1
2021,203,6.6487,1.9333,1
2021,204,-2.9154,2.5229,0
2021,205,-1.3779,1.7938,1
2021,206,4.429,1.8472,1
2021,207,8.1118,-3.4877,1
2021,208,7.5183,-4.3585,1
2021,209,4.0009,-1.0678,1
2021,210,2.649,3.025,1
2021,211,-2.2984,12.9275,1
2021,212,-0.9231,-5.6392,1
2021,213,5.5308,-1.4935,1
2021,214,4.3289,0.4498,1
2021,215,0.2611,0.4026,0
2021,216,10.9716,-1.2161,1
2021,217,1.2936,1.9447,0
2021,218,6.5804,-1.5571,0
2021,219,-4.6692,-10.7459,0
2021,220,-0.9149,1.2525,0
2021,221,0.5875,0.1469,0
2021,222,10.1127,-6.4153,1
2021,223,-1.8984,0.8554,1
2021,224,2.9588,-1.3727,0
2021,225,2.9302,-1.4553,1
2021,226,0.126,-3.8502,0
2021,227,4.3421,1.6981,1
2021,228,7.7413,-9.2608,1
2021,229,12.3234,-3.0503,1
2021,230,-5.4117,-4.1885,0
2021,231,-22.9923,-14.3617,0
2021,232,0.3175,-4.4469,1
2021,233,9.3015,-1.3871,1
2021,234,8.7118,-5.3932,1
2021,235,-7.0008,-10.5687,1
2021,236,0.2215,-3.759,1
2021,237,5.0363,-3.7878,1
2021,238,-1.3827,7.9482,0
2021,239,0.5949,-1.7083,1
2021,240,-0.2957,2.609,1
2021,241,6.8533,-4.5931,1
2021,242,4.7108,-2.5169,1
2021,243,-1.9141,-1.7847,0
2021,244,2.3331,0.6939,0
2021,245,-2.8457,-7.8764,0
2021,246,-3.1458,-10.0399,0
2021,247,-2.6637,-1.9014,1
2021,248,1.7692,-0.8758,1
2021,249,-0.7062,4.7931,0
2021,250,2.3492,3.2889,1
2021,251,2.3331,-7.4434,1
2021,252,7.5609,-8.631,1
2021,253,-4.5944,2.3287,0
2021,254,-3.7939,-8.302,1
2021,255,-3.7994,-9.7392,1
2021,256,1.8771,-6.6906,0
2021,257,2.1727,-4.6143,1
2021,258,2.3374,-8.5477,1
2021,259,-2.2624,-8.5085,0
2021,260,4.3598,-4.7746,0
2021,261,-5.6516,-10.8258,1
2021,262,2.8714,-8.9449,1
2021,263,3.8676,-2.3973,0
2021,264,0.8289,0.4202,0
2021,265,-0.3017,-2.0441,1
2021,266,4.5227,-3.2626,1
2021,267,5.2001,-7.6627,0
2021,268,-1.9078,0.484,0
2021,269,-1.4294,-1.0729,0
2021,270,9.5467,-6.8112,1
2021,271,6.3026,-0.2131,1
2021,272,3.3553,-6.9817,1
2021,273,12.8169,2.3667,1
2021,274,-0.0599,0.4677,1
2021,275,3.6689,-8.2846,1
2021,276,-8.3259,-16.0255,0
2021,277,6.1209,-7.6663,1
2021,278,9.7045,-5.4438,0
2021,279,1.0311,3.8902,0
2021,280,8.3589,-4.5001,1
2021,281,1.4117,5.7129,1
2021,282,4.1625,-1.7101,0
2021,283,-1.9669,-8.8413,1
2021,284,-5.3656,-2.6624,0
2021,285,-1.2414,-2.5685,0
2021,286,1.4223,-7.7266,1
2021,287,8.5349,-10.0944,1
2021,288,-6.2648,5.8271,0
2021,289,3.3626,-13.7935,1
2021,290,8.8496,-2.9681,1
2021,291,8.4926,-6.7354,1
2021,292,1.5008,1.7929,0
2021,293,3.1758,-4.6006,0
2021,294,3.7332,-0.6941,0
2021,295,4.4287,-8.4908,0
2021,296,5.0716,-1.4098,0
2021,297,0.7691,-4.8761,1
2021,298,4.5736,-7.8645,0
2021,299,3.1726,-0.7575,0
2021,300,-0.6134,-3.0974,0
2022,0,11.0976,-7.4003,1
2022,1,6.3427,8.0813,0
2022,2,-0.1659,-10.4005,1
2022,3,3.0786,1.2471,1
2022,4,3.8566,12.5299,0
2022,5,7.2532,-3.7126,1
2022,6,-0.0434,1.1618,0
2022,7,-2.9728,5.2024,0
2022,8,9.7138,5.8714,0
2022,9,-18.4829,-3.0241,0
2022,10,-20.5624,-12.1278,0
2022,11,-19.8147,-0.3702,0
2022,12,-17.857,0.7074,0
2022,13,1.633,5.472,0
2022,14,6.8544,-2.8837,0
2022,15,-0.0187,2.0992,0
2022,16,5.2624,2.0965,0
2022,17,5.0406,-4.372,0
2022,18,6.5416,-2.0126,0
2022,19,10.1079,-6.8339,0
2022,20,5.2633,-3.5097,0
2022,21,7.2236,-2.5362,0
2022,22,3.4951,-1.595,0
2022,23,6.8058,1.5052,0
2022,24,2.1818,-5.8719,1
2022,25,0.0668,0.3509,0
2022,26,9.9072,-2.2238,0
2022,27,6.8687,-2.7689,1
2022,28,4.7021,0.3368,1
2022,29,1.0236,4.3588,0
2022,30,3.0921,7.2135,0
2022,31,15.5069,-12.1399,1
2022,32,-15.8817,-9.6726,0
2022,33,2.7424,-8.658,0
2022,34,3.6547,1.8908,0
2022,35,5.4619,-0.96,0
2022,36,6.4871,9.605,0
2022,37,6.6415,-6.0046,0
2022,38,8.786,-5.8634,0
2022,39,12.0091,-10.0371,0
2022,40,4.6093,-3.8824,1
2022,41,-6.8629,2.8001,0
2022,42,9.9149,-5.7238,1
2022,43,2.7853,-7.0871,0
2022,44,-0.6681,-0.3451,0
2022,45,-0.126,0.3085,1
2022,46,3.3001,6.3895,0
2022,47,5.275,-0.0498,1
2022,48,11.7918,-2.3495,0
2022,49,9.1609,-8.6635,1
2022,50,14.3141,-3.6347,1
2022,51,7.4013,0.7723,1
2022,52,-2.9105,-0.3446,0
2022,53,-3.8665,-4.3569,0
2022,54,-3.0846,-3.85,0
2022,55,0.2911,8.17,0
2022,56,1.6308,4.7683,1
2022,57,1.3821,-1.0984,0
2022,58,2.154,0.6875,1
2022,59,-9.7686,7.0825,0
2022,60,3.5894,2.3676,1
2022,61,-0.4942,-10.0819,1
2022,62,3.2539,5.4955,0
2022,63,3.4201,-11.2096,1
2022,64,2.3031,-1.456,0
2022,65,7.3527,-5.1354,0
2022,66,5.8795,-6.6117,0
2022,67,3.3298,-1.4264,1
2022,68,5.2649,2.536,0
2022,69,1.8651,3.7428,0
2022,70,1.4154,-6.118,0
2022,71,1.6544,-1.4178,0
2022,72,4.0196,4.7896,1
2022,73,2.2457,1.3925,0
2022,74,7.2916,-6.015,1
2022,75,3.2877,-6.1703,1
2022,76,11.8772,-3.7243,0
2022,77,-2.4176,3.0746,0
2022,78,0.0821,8.3175,0
2022,79,-2.3765,13.0111,0
2022,80,0.4815,8.4974,0
2022,81,1.1691,14.1416,0
2022,82,-1.6024,15.2074,0
2022,83,4.0049,-3.5436,0
2022,84,-1.0267,1.7562,0
2022,85,5.9532,-1.9205,0
2022,86,-0.4298,-9.1127,1
2022,87,11.4754,-9.2963,1
2022,88,0.5092,-8.6337,0
2022,89,10.7461,-2.481,1
2022,90,-2.5267,7.5079,0
2022,91,0.7165,-3.7109,0
2022,92,13.7344,-2.3638,1
2022,93,13.6773,-4.1378,1
2022,94,0.5817,-7.4466,0
2022,95,7.9334,-6.9044,1
2022,96,9.5414,-7.6023,1
2022,97,12.1232,2.5372,1
2022,98,5.8668,-8.7001,0
2022,99,1.7532,-5.6316,0
2022,100,0.7244,0.1485,0
2022,101,-2.6072,14.4069,0
2022,102,-5.7488,3.9648,0
2022,103,-3.5255,5.8126,0
2022,104,1.9981,6.0119,1
2022,105,0.441,4.9681,0
2022,106,-9.4119,-7.194,0
2022,107,-1.7148,-8.6404,1
2022,108,-2.8657,-3.1335,1
2022,109,1.9006,-3.9669,1
2022,110,-1.7217,9.9897,0
2022,111,5.1717,9.4339,0
2022,112,-2.6967,-2.1909,0
2022,113,1.0975,-0.7194,0
2022,114,5.907,-5.4105,0
2022,115,6.5421,2.8473,0
2022,116,6.1088,-5.2265,1
2022,117,-15.9952,-10.8787,0
2022,118,-12.6047,-5.3159,0
2022,119,-1.2642,-5.1778,0
2022,120,2.4437,3.5165,0
2022,121,-1.0161,4.2173,0
2022,122,-0.9272,0.2485,0
2022,123,5.3451,-5.8495,0
2022,124,5.2429,-9.9123,1
2022,125,3.4108,-5.1479,0
2022,126,-0.5777,-7.3042,1
2022,127,2.7558,4.4651,1
2022,128,10.3597,-4.1095,1
2022,129,6.5743,0.9142,1
2022,130,10.1337,-5.7852,0
2022,131,14.123,-7.8178,1
2022,132,2.7204,-5.6412,0
2022,133,0.7188,3.9468,1
2022,134,8.5591,-4.4877,0
2022,135,6.0019,12.8409,0
2022,136,11.6164,-0.8183,1
2022,137,6.5336,-8.7693,0
2022,138,7.1146,0.5169,0
2022,139,2.0538,4.5332,0
2022,140,-7.2449,1.8872,0
2022,141,-0.8582,4.7439,0
2022,142,-7.3041,5.2417,0
2022,143,1.1495,6.2262,0
2022,144,6.3986,3.2345,1
2022,145,-2.4634,4.5586,0
2022,146,-1.6452,8.2908,0
2022,147,-3.5833,-3.9665,1
2022,148,-1.3314,11.3646,0
2022,149,1.2763,9.3437,0
2022,150,-0.0951,5.5623,0
2022,151,1.3301,11.2745,1
2022,152,2.7435,0.5938,0
2022,153,1.0784,-9.1742,1
2022,154,4.3439,0.088,1
2022,155,-3.1374,-2.5789,1
2022,156,8.8093,-4.382,1
2022,157,3.4641,3.7384,1
2022,158,0.442,3.5503,0
2022,159,9.1184,-4.827,1
2022,160,5.2788,-2.4519,1
2022,161,2.4587,-6.0674,1
2022,162,3.9273,3.0881,1
2022,163,8.7103,-6.4841,1
2022,164,9.0352,-5.4199,1
2022,165,1.7513,-3.8784,0
2022,166,4.3333,-4.845,0
2022,167,0.5116,-3.8709,1
2022,168,6.1196,-0.8617,0
2022,169,11.2088,1.0848,0
2022,170,4.1833,5.4131,0
2022,171,4.0592,-1.7963,0
2022,172,1.6116,-5.7431,0
2022,173,6.161,-5.7066,0
2022,174,-12.5804,-12.0104,0
2022,175,1.4667,2.851,0
2022,176,-0.2461,-1.5508,1
2022,177,11.3504,-1.119,1
2022,178,1.8776,-2.6634,0
2022,179,-3.0483,4.4691,0
2022,180,3.7338,0.661,0
2022,181,3.8042,2.1171,0
2022,182,6.7293,-0.8649,0
2022,183,10.4741,-7.2848,0
2022,184,0.8462,-3.6436,1
2022,185,1.3414,-8.683,0
2022,186,1.5691,-3.6386,0
2022,187,-8.0266,-7.0914,0
2022,188,3.5479,-4.3609,0
2022,189,-0.0425,-0.4717,0
2022,190,2.1515,0.7391,0
2022,191,0.8076,-5.643,1
2022,192,-1.5727,-9.4451,0
2022,193,-2.3652,-5.2491,1
2022,194,-1.5206,-8.5367,1
2022,195,-0.6159,-2.8937,0
2022,196,2.9682,-5.5601,0
2022,197,-4.7227,-2.3138,0
2022,198,-0.0573,-4.7979,0
2022,199,11.39,-2.2713,1
2022,200,14.26,2.3369,1
2022,201,1.4473,5.5074,0
2022,202,-6.3671,-2.7788,0
2022,203,7.8672,-10.1392,1
2022,204,1.3035,-5.2331,1
2022,205,-3.1092,-7.1605,0
2022,206,-2.3606,-5.9241,0
2022,207,-7.0354,-0.7834,0
2022,208,3.0554,7.8106,0
2022,209,5.1922,-0.7288,1
2022,210,0.8745,5.8714,0
2022,211,-4.3739,14.0018,0
2022,212,-7.7841,10.2951,0
2022,213,2.9109,12.4654,0
2022,214,-0.2134,10.7382,1
2022,215,1.3717,5.4807,1
2022,216,0.8998,3.5691,0
2022,217,7.1894,5.0019,1
2022,218,-0.6641,1.1821,0
2022,219,-4.191,4.7311,0
2022,220,-2.1703,11.0221,0
2022,221,1.2432,9.2908,0
2022,222,3.3612,1.9819,0
2022,223,-7.2054,-4.8728,0
2022,224,9.0038,-4.6917,1
2022,225,7.7944,-1.6824,1
2022,226,5.6283,2.3247,1
2022,227,2.9326,-3.4786,1
2022,228,-10.856,-3.8516,0
2022,229,-10.3767,-6.5278,0
2022,230,6.9469,-6.0925,1
2022,231,1.024,-0.1726,1
2022,232,5.217,5.4954,1
2022,233,16.0235,-5.8587,1
2022,234,3.5461,2.7772,1
2022,235,3.3999,-2.0002,1
2022,236,4.0178,-0.6005,1
2022,237,-3.022,1.5537,1
2022,238,5.5019,1.5088,1
2022,239,1.2363,-8.774,1
2022,240,-3.1327,1.086,0
2022,241,6.0375,10.4975,0
2022,242,2.5924,14.6524,0
2022,243,8.4862,6.1939,0
2022,244,-16.5173,1.2519,0
2022,245,9.1514,-2.8412,0
2022,246,6.2955,-4.1043,0
2022,247,8.6971,-3.9252,0
2022,248,11.1312,-7.6416,0
2022,249,-7.1052,-3.4855,0
2022,250,4.2074,-7.4426,0
2022,251,5.1491,-1.9564,0
2022,252,-0.2635,0.0626,0
2022,253,11.7016,-9.1952,0
2022,254,0.1758,-7.5627,0
2022,255,2.4441,0.8478,0
2022,256,0.8061,-2.0312,0
2022,257,2.6443,-4.944,0
2022,258,6.3515,-1.2791,0
2022,259,7.962,-0.8086,0
2022,260,-6.3158,0.316,0
2022,261,0.2977,4.068,0
2022,262,9.53,8.0416,0
2022,263,7.725,-1.9613,0
2022,264,8.5894,-2.3141,1
2022,265,0.4699,-3.3711,1
2022,266,1.7439,-1.0488,0
2022,267,4.2709,-2.5216,0
2022,268,4.8722,-6.5268,1
2022,269,8.8336,-11.8804,1
2022,270,0.2487,-3.8831,0
2022,271,-16.7738,-9.1012,0
2022,272,-15.8067,-12.4723,0
2022,273,-4.9761,-5.5064,0
2022,274,-22.0697,-15.483,0
2022,275,-9.6392,-6.588,0
2022,276,3.143,-0.3655,0
2022,277,-0.3851,0.5947,0
2022,278,1.9781,6.8739,0
2022,279,-0.2142,11.5449,0
2022,280,-3.2842,0.9327,0
2022,281,-2.6981,2.7475,0
2022,282,4.1075,1.8444,0
2022,283,0.7382,-5.877,0
2022,284,-2.6853,1.3019,0
2022,285,5.7687,1.2037,0
2022,286,-1.2363,5.8674,0
2022,287,-0.4559,-3.1466,0
2022,288,0.1084,3.7727,0
2022,289,0.4036,-6.3713,1
2022,290,4.7257,-5.2621,0
2022,291,7.441,-5.8729,0
2022,292,1.0239,-9.6619,1
2022,293,11.9406,-7.5939,1
2022,294,0.5051,-0.5937,1
2022,295,0.6876,-11.0041,1
2022,296,-0.4935,-8.9723,1
2022,297,1.8425,-4.8577,0
2022,298,-9.6781,-5.6037,0
2022,299,0.7371,-4.3457,0
2022,300,-1.5494,0.5595,0
2022,301,-3.4714,-5.4798,0
2022,302,2.0523,-2.1766,0
2022,303,2.6662,-7.7528,0
2022,304,11.7087,-6.2867,1
2022,305,5.873,-3.4405,1
2022,306,-0.2779,-8.6329,1
2022,307,8.3177,0.467,1
2022,308,2.6194,-2.4141,0
2022,309,-0.9184,1.5332,1
2022,310,2.7264,3.744,0
2022,311,-7.3673,-6.5376,0
2022,312,-2.1711,-8.1089,0
2022,313,4.8369,1.0302,0
2022,314,7.4024,-4.2204,0
2022,315,-0.1667,-8.9522,1
2022,316,7.8619,-9.7761,0
2022,317,2.892,-4.7442,0
2022,318,2.0525,2.2283,0
2022,319,4.759,-14.078,0
2022,320,5.7553,-5.2718,0
2022,321,-2.6138,5.2315,0
2022,322,5.78,-7.5359,1
2022,323,3.8663,-4.7485,1
2022,324,-2.428,4.8547,0
2022,325,-0.4907,2.8323,0
2022,326,-1.5655,2.4235,0
2022,327,1.7074,1.6274,0
2022,328,2.2606,2.374,0
2022,329,-1.0687,6.2299,0
2022,330,-0.265,-2.241,0
2022,331,-1.485,5.8012,0
2022,332,-2.1097,0.3885,0
2022,333,4.0643,-0.826,1
2022,334,-4.5615,7.4325,0
2022,335,-2.3295,2.882,0
2022,336,-4.8215,-2.9162,0
2022,337,0.1297,-5.9805,0
2022,338,-1.992,20.3108,0
2022,339,-1.7252,6.4787,0
2022,340,2.2804,4.8439,0
2022,341,10.0027,1.5414,0
2022,342,-2.3321,12.7459,0
2022,343,1.5878,7.1855,1
2022,344,5.5577,-2.7407,0
2022,345,4.0432,-1.2229,0
2022,346,4.8996,3.3002,0
2022,347,-1.2738,17.3809,0
2022,348,-2.7799,1.8644,0
2022,349,3.1199,17.0933,0
2022,350,-1.6676,19.0757,0
2022,351,0.4134,3.2622,1
2022,352,1.9139,5.7775,0
2022,353,9.1581,-0.6293,1
2022,354,-12.4229,-4.9551,0
2022,355,1.7275,-3.3539,1
2022,356,5.6665,-0.8313,1
2022,357,1.6572,-3.4487,0
2022,358,0.8822,-5.0826,1
2022,359,0.058,0.6143,0
2022,360,1.1056,-8.288,1
2022,361,6.9666,-2.9695,1
2022,362,2.4232,3.4725,0
2022,363,2.3024,-6.2527,1
2022,364,1.5045,2.5436,1
2022,365,2.7173,3.9956,1
2022,366,2.0111,4.4263,1
2022,367,0.0936,0.5033,1
2022,368,0.3797,2.2329,1
2022,369,-0.9124,3.948,1
2022,370,2.2045,-6.6971,1
2022,371,-0.9119,8.507,0
2022,372,-2.751,0.6825,1
2022,373,-1.2256,-12.6939,1
2022,374,-1.0404,-8.8791,1
2022,375,5.1545,7.8764,0
2022,376,9.2162,1.8377,0
2022,377,13.8983,-5.4613,1
2022,378,11.3457,-1.3879,0
2022,379,4.708,-5.4644,0
2022,380,7.3582,-4.4885,0
2022,381,6.7141,1.4098,0
2022,382,-5.638,-3.5989,0
2022,383,-6.4606,-4.5647,0
2022,384,-5.7469,-6.7769,0
2022,385,6.52,-5.7937,0
2022,386,0.2892,2.6556,0
2022,387,3.5562,6.4778,0
2022,388,1.0045,-8.012,0
2022,389,-2.4077,5.3951,0
2022,390,4.89,1.7784,0
2022,391,-0.5348,-5.9966,0
2022,392,4.6065,8.6031,0
2022,393,-5.2801,-5.3649,0
2022,394,2.1325,6.3358,0
2022,395,-3.6747,8.1538,0
2022,396,8.2857,1.196,0
2022,397,2.7706,-19.318,1
2022,398,-9.5725,-13.8838,0
2022,399,7.8859,0.3408,1
2022,400,-5.029,-3.31,0
2022,401,-2.5408,-3.2438,0
2022,402,0.4508,0.4298,0
2022,403,0.5496,-6.5137,0
2022,404,0.5796,5.8347,0
2022,405,2.2494,5.9275,0
2022,406,7.2391,-0.2552,0
2022,407,3.5762,-5.0854,0
2022,408,-7.1776,-3.4597,0
2022,409,3.3744,-3.4163,0
2022,410,0.0073,4.6524,0
2022,411,-3.4391,-4.1333,1
2022,412,3.4985,-6.554,1
2022,413,-1.6298,1.4576,0
2022,414,5.3455,-2.4583,1
2022,415,4.0525,-3.6549,0
2022,416,5.6891,-4.2812,0
2022,417,-7.1739,-2.768,1
2022,418,5.8633,-6.4909,1
2022,419,6.9257,-8.9149,1
2022,420,2.9817,-4.4815,1
2022,421,-0.9998,-2.9395,0
2022,422,0.3831,-9.4264,0
2022,423,-4.9739,-1.7309,0
2022,424,-0.6376,-5.8448,1
2022,425,-4.1697,-9.4691,0
2022,426,10.3573,-7.0761,1
2022,427,-3.6013,-8.2266,0
2022,428,-0.3288,3.159,0
2022,429,3.4094,1.7885,1
2022,430,8.1249,-5.2245,1
2022,431,5.0297,4.3222,0
2022,432,12.0435,-8.337,1
2022,433,7.5905,4.4987,0
2022,434,5.2505,6.8269,1
2022,435,-0.1002,7.2801,0
2022,436,5.9175,4.4735,1
2022,437,7.1172,3.8782,0
2022,438,2.6771,-3.6703,0
2022,439,-4.69,-2.9115,0
2022,440,-1.156,0.6372,0
2022,441,-1.1084,2.1633,0
2022,442,-2.543,-15.2447,1
2022,443,4.2437,0.4785,0
2022,444,6.1241,-0.3168,1
2022,445,4.7785,-11.1421,0
2022,446,1.9258,4.4255,0
2022,447,9.9333,-0.21,0
2022,448,2.7486,-0.2476,0
2022,449,2.8043,-5.5257,0
2022,450,2.4962,-4.1173,0
2022,451,-2.2347,-8.6615,0
2022,452,2.7086,-2.2106,0
2022,453,2.3973,-1.7127,0
2022,454,0.979,-2.5054,0
2022,455,2.6273,-6.1094,0
2022,456,8.6268,1.8478,0
2022,457,9.123,1.1895,0
2023,0,3.9244,-1.7379,4
2023,1,-10.4796,-6.051,4
2023,2,10.8032,-5.1733,1
2023,3,4.7404,-0.9972,4
2023,4,8.6074,-3.2402,1
2023,5,13.115,-5.4529,1
2023,6,7.4505,-3.6478,1
2023,7,7.1255,-8.7003,2
2023,8,2.8201,-9.1624,2
2023,9,6.7891,-8.8204,2
2023,10,-0.1042,-0.2018,4
2023,11,-2.6632,0.1745,4
2023,12,2.7048,-3.2842,4
2023,13,0.1117,-10.0936,4
2023,14,1.6648,-0.925,4
2023,15,2.8926,-4.467,4
2023,16,5.0921,-9.6035,4
2023,17,6.1047,-2.6544,4
2023,18,5.9457,1.2338,4
2023,19,8.012,-6.2571,4
2023,20,2.2443,-1.7397,4
2023,21,6.3486,-8.2864,2
2023,22,-1.4333,1.3038,0
2023,23,3.3531,-2.8439,4
2023,24,4.1802,3.2831,3
2023,25,9.7639,4.3157,3
2023,26,8.5192,-1.6375,2
2023,27,6.9567,5.3177,3
2023,28,2.0897,12.3889,3
2023,29,9.0282,-1.6326,3
2023,30,7.3733,-5.0357,1
2023,31,-1.9575,8.1584,4
2023,32,-0.8751,0.4046,3
2023,33,-1.3075,-1.9796,2
2023,34,4.5933,-1.6383,2
2023,35,3.6459,-5.9168,4
2023,36,1.6881,1.5421,4
2023,37,6.4917,-5.2358,2
2023,38,-2.3071,-0.4728,4
2023,39,-3.2393,0.0592,4
2023,40,9.3704,-2.8974,3
2023,41,5.9957,0.8975,4
2023,42,12.5567,-0.7195,2
2023,43,0.7245,2.6171,0
2023,44,3.475,-1.9122,1
2023,45,5.1704,-7.2646,4
2023,46,-0.9331,-0.0227,4
2023,47,-16.5183,-3.7939,4
2023,48,-5.671,-1.223,4
2023,49,-12.1883,-8.5873,4
2023,50,-10.951,-10.0342,4
2023,51,7.5596,-3.4859,2
2023,52,11.2582,-1.5657,3
2023,53,6.345,-13.5094,2
2023,54,5.1127,2.5831,4
2023,55,11.9022,-7.2667,0
2023,56,6.2674,-3.6978,1
2023,57,11.8125,-4.1767,1
2023,58,13.6115,-1.0172,1
2023,59,4.5294,-7.179,1
2023,60,8.1686,-5.237,1
2023,61,6.5326,-12.7271,1
2023,62,2.977,-2.4455,4
2023,63,-1.1288,3.6641,4
2023,64,5.4863,0.8916,4
2023,65,2.5421,2.4353,4
2023,66,-4.4459,4.2807,4
2023,67,1.0622,6.1291,0
2023,68,0.8661,3.5808,0
2023,69,5.0658,-0.8043,4
2023,70,8.0574,-7.5286,2
2023,71,12.449,-8.9725,1
2023,72,13.6642,-11.3535,2
2023,73,6.234,-9.3595,4
2023,74,1.2855,-8.2826,4
2023,75,-3.0897,1.9984,4
2023,76,-1.9725,-3.3202,2
2023,77,-1.6057,-6.2116,4
2023,78,-6.5252,-4.7925,2
2023,79,11.7861,-1.901,2
2023,80,-3.5631,-9.5362,4
2023,81,5.7775,-1.9229,4
2023,82,9.8534,-7.0119,4
2023,83,6.6298,-4.5101,4
2023,84,6.6016,-8.0272,4
2023,85,10.2761,-4.7968,2
2023,86,7.9281,-6.6436,4
2023,87,3.9267,-9.7134,2
2023,88,-0.0888,5.2178,4
2023,89,-4.015,12.7052,0
2023,90,-4.0846,0.1323,4
2023,91,9.9811,-2.3409,3
2023,92,10.0584,7.5878,3
2023,93,0.9924,14.2461,4
2023,94,11.664,-0.169,3
2023,95,9.8221,-2.27,3
2023,96,4.1113,3.206,3
2023,97,0.1416,-0.6712,3
2023,98,3.9799,7.5074,3
2023,99,5.617,-4.7856,3
2023,100,4.03,-2.9643,4
2023,101,-1.4754,5.0574,4
2023,102,-3.3465,-4.7967,1
2023,103,-3.5698,-5.6911,1
2023,104,-3.5666,2.6414,4
2023,105,3.2484,-1.0828,4
2023,106,1.8131,2.974,4
2023,107,5.6402,6.7183,3
2023,108,8.9118,0.1765,2
2023,109,7.1556,-4.767,4
2023,110,2.2949,0.3719,4
2023,111,-3.0628,10.5945,4
2023,112,-0.9105,-2.7139,4
2023,113,-1.7983,-4.9156,4
2023,114,-6.2196,-4.5754,4
2023,115,-10.873,-2.8751,4
2023,116,-2.6063,-4.0682,4
2023,117,-9.4327,-6.0443,4
2023,118,-9.3002,-0.0461,4
2023,119,-8.4794,-10.7345,4
2023,120,-4.3556,-3.7135,4
2023,121,-4.5251,3.9775,4
2023,122,6.3489,0.4493,4
2023,123,3.5218,-6.2929,4
2023,124,1.8885,1.8052,4
2023,125,-1.0267,-1.4193,4
2023,126,2.1275,0.7407,0
2023,127,2.7685,0.3582,4
2023,128,8.1016,5.6222,1
2023,129,-0.7895,0.2818,4
2023,130,5.5259,3.698,3
2023,131,10.4158,5.1012,3
2023,132,6.0978,-3.01,2
2023,133,2.7436,4.1312,4
2023,134,3.817,-1.5225,2
2023,135,-5.9716,8.6493,4
2023,136,7.548,4.6153,3
2023,137,2.0054,9.8384,4
2023,138,-0.0241,4.4996,4
2023,139,10.9619,-3.4305,2
2023,140,-7.1106,-4.3609,2
2023,141,-3.8584,-11.609,4
2023,142,5.4116,-3.3353,1
2023,143,6.27,-6.3075,4
2023,144,-0.6211,-0.759,4
2023,145,9.3668,-10.8546,4
2023,146,4.9401,-2.3785,4
2023,147,5.408,-9.7018,4
2023,148,1.5496,-0.1599,4
2023,149,-1.8483,-4.1469,4
2023,150,-2.6208,3.542,4
2023,151,3.036,11.8818,3
2023,152,-2.3033,0.3519,2
2023,153,-0.661,-1.61,2
2023,154,2.0879,-7.1999,4
2023,155,0.5755,1.6245,4
2023,156,-0.4274,3.6313,2
2023,157,8.3079,-8.123,2
2023,158,9.3898,-8.5184,2
2023,159,0.0319,-3.2998,4
2023,160,4.3737,-9.2504,4
2023,161,5.6869,-3.8873,4
2023,162,7.1806,-1.94,2
2023,163,5.2758,-11.3202,2
2023,164,-3.2365,7.0299,0
2023,165,3.2655,-3.038,0
2023,166,4.9149,2.4215,3
2023,167,4.9671,6.3668,3
2023,168,6.0505,9.2295,3
2023,169,13.3871,3.1446,3
2023,170,3.2044,-1.6075,4
2023,171,4.0488,-5.7661,4
2023,172,3.6861,-0.8047,4
2023,173,2.022,-6.3048,4
2023,174,1.6778,-3.9613,4
2023,175,9.2673,-7.9893,2
2023,176,5.5374,-3.2437,2
2023,177,-5.3507,-6.3993,4
2023,178,-1.5683,0.3854,4
2023,179,-19.0785,-13.2569,4
2023,180,6.6831,6.2095,4
2023,181,14.0309,-4.4862,1
2023,182,4.0014,12.262,2
2023,183,8.9055,-8.2529,2
2023,184,7.3559,-5.5384,1
2023,185,4.2323,-9.4074,2
2023,186,3.867,2.3314,0
2023,187,1.8304,2.6415,2
2023,188,-4.5455,1.7074,4
2023,189,3.2554,-0.1319,4
2023,190,5.3149,-10.0646,2
2023,191,-4.2218,9.5693,0
2023,192,-3.9748,6.0946,4
2023,193,5.953,8.9812,3
2023,194,8.3709,2.613,3
2023,195,0.062,1.5105,4
2023,196,2.1064,-4.8403,2
2023,197,2.196,1.3681,4
2023,198,1.6321,6.4569,4
2023,199,3.2485,2.6114,2
2023,200,3.9303,-5.7,4
2023,201,-10.4227,-7.3106,4
2023,202,10.1269,6.458,3
2023,203,-9.9612,-8.7087,4
2023,204,6.9013,0.428,0
2023,205,4.5472,0.5871,0
2023,206,6.0751,5.6769,2
2023,207,3.7875,-4.2291,1
2023,208,5.0525,-4.5007,1
2023,209,4.8379,-3.1084,4
2023,210,1.5279,-5.4247,1
2023,211,11.6619,-7.545,1
2023,212,3.5627,-5.1454,1
2023,213,7.6616,-2.5552,1
2023,214,13.5321,-2.5547,1
2023,215,3.8876,-9.5151,1
2023,216,3.911,-1.7064,4
2023,217,-1.4205,-6.1422,4
2023,218,7.8444,10.0201,4
2023,219,12.2702,-10.0007,1
2023,220,10.5431,-8.145,1
2023,221,11.822,2.0012,1
2023,222,-0.6616,7.4531,2
2023,223,4.8605,-5.0193,2
2023,224,-0.0001,1.4504,4
2023,225,11.1562,-6.4268,2
2023,226,7.1895,-6.7042,1
2023,227,1.2416,-4.9223,2
2023,228,3.9687,-8.1127,2
2023,229,-0.7353,-3.6175,2
2023,230,2.9792,-2.9214,2
2023,231,4.0747,-7.9943,2
2023,232,-0.3893,-4.5537,2
2023,233,-0.3253,-5.8136,4
2023,234,3.5844,4.563,0
2023,235,0.5691,2.0888,0
2023,236,1.7296,-1.8264,0
2023,237,2.0307,5.38,0
2023,238,3.3519,-3.0226,4
2023,239,2.6612,-2.3,4
2023,240,6.7681,-7.0843,2
2023,241,1.5527,-1.8961,4
2023,242,6.2204,-0.5166,2
2023,243,-0.4813,1.5376,2
2023,244,10.4627,-7.3073,2
2023,245,-5.0666,-1.8208,4
2023,246,12.0935,-0.1608,2
2023,247,15.236,-3.1514,2
2023,248,3.9455,-2.492,2
2023,249,6.2593,-5.02,4
2023,250,2.7873,-5.2098,4
2023,251,-1.6562,-12.7425,2
2023,252,2.0233,0.5751,4
2023,253,-3.7191,7.1598,4
2023,254,-5.7014,-1.4041,2
2023,255,-2.7817,10.1248,4
2023,256,-1.1785,5.056,4
2023,257,-3.8941,9.4515,4
2023,258,2.169,4.4944,4
2023,259,-1.3359,0.8906,4
2023,260,0.4635,5.0053,2
2023,261,-5.7171,-0.6298,2
2023,262,1.2882,14.9732,4
2023,263,-1.6801,5.0518,4
2023,264,0.0317,3.0974,4
2023,265,4.01,-7.9392,4
2023,266,-1.8602,1.1505,4
2023,267,2.5775,-1.1302,2
2023,268,7.2937,-5.379,4
2023,269,0.0661,1.4773,4
2023,270,-9.0664,-7.4296,4
2023,271,1.7461,-5.087,2
2023,272,6.0894,-2.6245,2
2023,273,1.2553,-1.9413,4
2023,274,7.5101,-3.3086,2
2023,275,6.5554,-1.6917,4
2023,276,-0.4254,-3.0503,4
2023,277,-1.427,-7.7935,4
2023,278,2.3985,6.6593,4
2023,279,4.1214,1.0819,4
2023,280,-3.8341,8.5392,4
2023,281,-4.6514,8.5542,4
2023,282,4.4236,-6.4086,2
2023,283,5.468,-5.7548,1
2023,284,6.0331,-0.649,2
2023,285,-0.0665,-8.8663,4
2023,286,4.7911,-3.4591,0
2023,287,6.3037,-1.3431,3
2023,288,-5.2917,17.5429,4
2023,289,11.727,11.052,3
2023,290,8.1714,4.0772,3
2023,291,13.9312,-3.9393,3
2023,292,12.9991,-1.2187,3
2023,293,7.7574,5.0364,3
2023,294,8.9681,3.6383,3
2023,295,4.1938,9.1342,3
2023,296,2.196,2.0941,3
2023,297,2.2957,0.2845,3
2023,298,1.7014,8.5232,3
2023,299,8.9393,-4.984,2
2023,300,8.8089,10.1731,3
2023,301,3.8774,8.321,3
2023,302,3.4648,4.0821,3
2023,303,10.2073,4.4189,3
2023,304,6.8281,4.612,3
2023,305,16.8404,-0.6309,3
2023,306,5.4313,1.2846,3
2023,307,9.9394,-2.4092,2
2023,308,8.0731,-1.0268,3
2023,309,-4.2928,-2.5413,2
2023,310,4.7864,0.8472,2
2023,311,-3.0948,12.1353,4
2023,312,-1.9059,-3.8291,4
2023,313,-4.9001,7.0829,4
2023,314,0.9849,5.875,4
2023,315,-3.2459,11.9503,4
2023,316,-0.4966,4.2134,4
2023,317,5.4498,-3.8615,2
2023,318,9.2797,-3.1722,1
2023,319,7.6804,1.6044,4
2023,320,4.9233,-0.1876,4
2023,321,0.3909,-3.1201,4
2023,322,-3.0358,-0.3049,4
2023,323,0.4413,2.0348,4
2023,324,6.0666,-2.6091,4
2023,325,5.9027,-6.3038,4
2023,326,7.9247,-5.3148,2
2023,327,-6.2986,7.029,4
2023,328,0.5098,1.0133,4
2023,329,0.1631,6.3558,4
2023,330,7.8754,2.4465,3
2023,331,3.5091,-1.5251,0
2023,332,4.2517,3.1416,2
2023,333,2.0468,0.582,2
2023,334,8.211,4.7253,2
2023,335,9.2344,4.7885,3
2023,336,9.2036,1.1602,0
2023,337,-0.4927,5.7149,4
2023,338,1.3749,-3.4422,2
2023,339,-2.4018,2.0971,4
2023,340,4.463,-3.3994,4
2023,341,8.1929,-1.7509,2
2023,342,1.4982,-3.3337,4
2023,343,1.9397,1.3143,4
2023,344,-3.2627,7.5149,4
2023,345,3.8774,5.1901,1
2023,346,2.0812,12.4792,0
2023,347,10.397,-1.4064,1
2023,348,3.3004,-5.5608,1
2023,349,12.702,0.1497,1
2023,350,7.6418,-4.663,1
2023,351,1.3343,4.5856,4
2023,352,-8.6406,2.8665,4
2023,353,-5.2525,10.256,4
2023,354,3.6981,-2.6541,2
2023,355,1.7838,3.7588,3
2023,356,-0.2786,-1.8707,4
2023,357,5.2511,-9.2167,1
2023,358,3.0961,-5.2023,4
2023,359,1.6409,-2.6577,4
2023,360,11.485,-4.8697,1
2023,361,-3.2311,2.0663,4
2023,362,-3.8447,3.3644,4
2023,363,9.2391,-7.4727,4
2023,364,-3.6039,-6.84,2
2023,365,-10.2023,-4.3071,4
2023,366,5.2524,-10.1825,4
2023,367,-1.4609,-5.5041,4
2023,368,-8.2402,2.6352,4
2023,369,-5.7839,-7.926,4
2023,370,-1.1125,-8.2057,4
2023,371,-14.7741,-14.5416,4
2023,372,-8.3954,-4.7294,4
2023,373,-7.9669,11.7316,4
2023,374,-9.1654,-2.0849,4
2023,375,-4.3582,3.4233,4
2023,376,10.7344,2.703,2
2023,377,15.6662,-2.9024,1
2023,378,4.3085,-12.1921,2
2023,379,11.6267,-0.7667,4
2023,380,6.9064,-11.3775,2
2023,381,-1.6595,0.3096,4
2023,382,4.084,-0.3294,4
2023,383,-4.9585,3.8453,4
2023,384,3.3498,-6.9059,1
2023,385,7.8479,1.3285,2
2023,386,8.0659,0.4138,1
2023,387,17.8641,-7.7736,1
2023,388,3.6584,8.2792,4
2023,389,14.5355,3.1642,0
2023,390,2.5509,2.0471,0
2023,391,4.9142,-6.9864,4
2023,392,8.3105,-8.8163,1
2023,393,11.6778,3.129,1
2023,394,-2.9153,3.5105,4
2023,395,4.9957,-6.4436,2
2023,396,-0.3104,4.9957,4
2023,397,1.6827,3.5494,4
2023,398,2.3225,1.2132,2
2023,399,1.8167,11.8233,4
2023,400,5.6848,6.446,2
2023,401,3.5326,8.137,2
2023,402,6.1089,12.4607,3
2023,403,1.3986,10.4279,4
2023,404,0.1935,0.6939,4
2023,405,3.6547,3.5382,2
2023,406,4.5304,3.6727,4
2023,407,-0.8363,6.4054,4
2023,408,1.3297,1.3771,4
2023,409,6.6845,-0.5347,4
2023,410,-1.7547,-4.4801,2
2023,411,3.568,-0.2099,2
2023,412,-1.2297,8.0222,2
2023,413,3.962,-13.7481,2
2023,414,0.2344,3.9582,4
2023,415,-1.6385,6.095,0
2023,416,4.2481,0.4482,0
2023,417,-0.2576,0.7203,0
2023,418,-2.215,10.5421,0
2023,419,-0.4142,-0.5696,4
2023,420,-2.6712,-3.0631,4
2023,421,1.544,-0.0857,4
2023,422,2.927,0.571,4
2023,423,0.7522,7.7849,4
2023,424,2.8027,-5.3226,1
2023,425,6.1935,2.1535,2
2023,426,3.3994,-9.1092,4
2023,427,-1.117,9.4255,4
2023,428,-1.6949,-4.2966,2
2023,429,1.5836,-11.0443,4
2023,430,-3.2007,-1.7153,4
2023,431,-1.2902,-3.8043,4
2023,432,-4.0536,1.8075,2
2023,433,-4.9935,2.2112,4
2023,434,0.0692,11.7664,4
2023,435,-1.7932,-0.7443,2
2023,436,-1.5306,5.6956,2
2023,437,-1.8278,-2.1139,2
2023,438,2.2959,-3.1404,4
2023,439,4.3067,-3.9252,4
2023,440,6.243,6.8258,4
2023,441,2.425,-1.8035,4
2023,442,0.1161,-7.6099,4
2023,443,4.7808,0.3774,4
2023,444,1.2643,1.2449,4
2023,445,3.7866,-8.4662,4
2023,446,8.1079,-1.2773,2
2023,447,-0.4616,-0.0141,4
2023,448,8.5835,-4.4856,4
2023,449,0.322,4.8293,4
2023,450,4.8494,0.5188,4
2023,451,-2.8527,3.0066,4
2023,452,5.0639,7.4586,4
2023,453,-2.5949,-2.9716,4
2023,454,7.2718,-2.9783,4
2023,455,-2.6446,-4.9054,2
2023,456,0.9861,6.3344,4
2023,457,1.5284,7.4141,4
2023,458,10.1672,1.3293,4
2023,459,3.1243,3.8671,3
2023,460,3.9833,6.0653,3
2023,461,9.1598,11.5457,3
2023,462,7.7265,10.6709,3
2023,463,2.3304,11.5923,3
2023,464,7.3834,8.8751,3
2023,465,7.1902,5.2072,3
2023,466,13.817,-4.7222,3
2023,467,12.4035,0.2513,3
2023,468,8.0656,4.5992,3
2023,469,7.0749,-3.7374,3
2023,470,5.1032,0.5508,3
2023,471,2.1363,9.2733,3
2023,472,6.2956,0.2766,3
2023,473,3.6106,9.6106,3
2023,474,4.7246,3.6968,3
2023,475,-2.5195,8.3939,3
2023,476,4.9581,-0.6371,3
2023,477,7.9065,5.4445,3
2023,478,6.249,3.6383,3
2023,479,-1.0871,4.0727,3
2023,480,3.4244,10.8478,3
2023,481,14.632,0.1865,3
2023,482,8.04,1.178,3
2023,483,7.3818,3.8272,3
2023,484,6.5618,6.8867,3
2023,485,12.0672,0.894,3
2023,486,12.8566,-0.4268,3
2023,487,0.9719,3.5726,3
2023,488,10.5634,12.1963,3
2023,489,-1.2881,7.4888,3
2023,490,5.6621,0.2637,3
2023,491,-1.6749,0.0755,4
2023,492,1.1108,3.2208,4
2023,493,0.106,7.0114,2
2023,494,0.5042,2.7057,4
2023,495,-4.3356,5.869,4
2023,496,-4.5875,-3.3907,4
2023,497,-0.6108,-6.5347,2
2023,498,4.8785,-8.3474,2
2023,499,-0.5577,-2.87,2
2023,500,4.6514,-7.6575,2
2023,501,6.9197,-8.9364,4
2023,502,4.0685,-1.2555,4
2023,503,-2.6015,5.8466,4
2023,504,-3.4787,1.0662,2
2023,505,-5.6975,12.1298,4
2023,506,8.579,-4.3021,2
2023,507,8.179,-5.4427,0
2023,508,2.8697,1.4565,4
2023,509,8.1096,-1.764,4
2023,510,5.2476,-6.2605,2
2023,511,0.8701,8.5254,3
2023,512,2.1431,8.6257,4
2023,513,3.7709,-0.1986,4
2023,514,2.2367,-0.9852,4
2023,515,7.7454,0.4716,4
2023,516,-2.2496,9.3151,4
2023,517,-1.2895,6.3446,4
2023,518,-0.4357,2.928,0
2023,519,9.2033,-1.8819,4
2023,520,5.9886,3.5284,4
2023,521,3.5357,-3.2786,1
2023,522,3.4039,3.5425,4
2023,523,10.4827,-0.6097,4
2023,524,-0.7782,-4.5616,4
2023,525,-10.9473,0.2423,0
2023,526,1.5698,3.739,4
2023,527,-2.6549,-2.0132,4
2023,528,-5.8619,6.0488,4
2023,529,2.9431,-0.9039,3
2023,530,-9.0652,-7.3058,4
2023,531,1.9825,0.4256,4
2023,532,-3.2096,5.575,4
2023,533,-0.4192,0.6657,4
2023,534,-3.932,9.1604,4
2023,535,-1.7526,0.7611,4
2023,536,-11.9424,11.1744,4
2023,537,1.5271,5.0077,4
2023,538,5.1696,-6.9983,4
2023,539,-6.1667,-5.8859,4
2023,540,-1.8992,-6.1591,4
2023,541,-12.1569,3.1105,4
2023,542,-5.0278,-1.2279,4
2023,543,-11.8376,3.1129,4
2023,544,-10.033,4.6859,4
2023,545,-13.6733,-1.5525,4
2023,546,8.4207,6.013,4
2023,547,1.6913,10.7449,4
2023,548,16.0709,-3.4372,3
2023,549,-13.3311,-6.3415,4
2023,550,-1.3588,-1.7424,2
2023,551,6.9564,-7.0793,2
2023,552,1.5735,-4.4428,4
2023,553,5.0405,6.3217,4
2023,554,1.5999,-0.7777,4
2023,555,9.1532,-2.5456,1
2023,556,6.1997,2.5986,1
2023,557,1.4713,12.674,4
2023,558,11.5948,4.6236,0
2023,559,4.5923,5.1813,0
2023,560,1.2065,2.3019,4
2023,561,10.924,-4.3945,1
2023,562,9.2827,-15.5099,2
2023,563,5.7733,-6.6928,1
2023,564,9.786,-8.8128,1
2023,565,7.2098,-4.3563,1
2023,566,-1.6109,10.1158,4
2023,567,-1.5175,1.7003,2
2023,568,-0.6833,6.4039,4
2023,569,3.6489,-0.2156,4
2023,570,6.0661,2.506,2
2023,571,-0.6648,-4.0129,2
2023,572,-6.4143,-1.8649,2
2023,573,-0.1769,-1.0597,2
2023,574,2.8048,-7.1104,4
2023,575,-1.4848,-9.6929,4
2023,576,-1.5005,5.1083,4
2023,577,4.9318,1.5653,4
2023,578,10.7132,0.3563,1
2023,579,-0.6792,1.2567,2
2023,580,10.7911,-6.6643,1
2023,581,3.2563,-1.3842,1
2023,582,2.756,1.5726,4
2023,583,-0.8607,-3.7003,2
2023,584,-0.0058,4.526,2
2023,585,1.3622,-2.0969,4
2023,586,12.6239,-4.8432,3
2023,587,-7.4163,1.4197,2
2023,588,-5.1273,0.0643,4
2023,589,-1.3699,-3.605,4
2023,590,-0.8913,4.7713,4
2023,591,5.456,-1.0652,2
2023,592,-6.2445,-0.011,2
2023,593,6.9143,-8.8227,4
2023,594,1.2224,-3.348,4
2023,595,7.4866,1.0662,4
2023,596,-4.1821,-10.1346,2
2023,597,-1.8963,-10.1599,2
2023,598,4.3067,-9.5756,2
2023,599,-3.7682,-0.9691,2
2023,600,-2.0326,4.5489,4
2023,601,8.2309,-3.8933,2
2023,602,10.048,-5.2138,2
2023,603,5.0402,0.7,4
2023,604,6.609,-6.3109,2
2023,605,7.3199,-6.1754,4
2023,606,0.6479,-1.7727,4
2023,607,5.4266,-2.9129,4
2023,608,1.8911,-9.0361,4
2023,609,0.0691,4.2134,4
2023,610,7.9548,-3.5467,4
2023,611,8.1605,-5.76,4
2023,612,-0.7505,9.0959,4
2023,613,4.3381,-9.1197,2
2023,614,1.4281,-9.3198,2
2023,615,3.8407,-2.5479,4
2023,616,-2.8697,-2.4027,4
2023,617,0.9554,-1.2672,2
2023,618,14.1032,-2.6229,3
2023,619,7.8698,-0.6302,3
2023,620,10.5756,-7.0713,3
2023,621,10.792,-2.8391,3
2023,622,3.5019,3.2185,3
2023,623,-0.2958,4.8155,3
2023,624,0.256,12.1844,4
2023,625,1.0424,13.2513,3
2023,626,2.46,7.4824,3
2023,627,2.1145,5.4588,3
2023,628,-0.7888,4.2325,3
2023,629,14.5073,0.2513,3
2023,630,3.7378,-5.0737,1
2023,631,2.5241,1.8534,4
2023,632,3.5936,-4.1843,1
2023,633,-1.6215,-4.2856,4
2023,634,3.3766,-3.436,4
2023,635,11.1898,6.7205,1
2023,636,0.7138,-2.2078,2
2023,637,0.0598,-6.751,4
2023,638,2.5039,5.4681,2
2023,639,1.826,-4.9049,2
2023,640,3.7781,0.1735,4
2023,641,3.0793,4.2333,4
2023,642,10.3635,-10.7177,2
2023,643,6.1837,-6.1419,4
2023,644,4.3619,-6.4826,4
2023,645,1.939,-2.3576,4
2023,646,8.9615,-1.5799,4
2023,647,-1.0988,5.9887,3
2023,648,1.6051,-6.4705,4
2023,649,6.2327,0.6293,1
2023,650,-1.3151,10.5513,4
2023,651,-2.4725,-1.8819,4
2023,652,6.4661,-7.0058,1
2023,653,4.1188,-7.6516,4
2023,654,-3.2905,-3.1844,2
2023,655,-2.6358,4.3664,4
2023,656,3.6454,-5.6125,1
2023,657,3.9413,2.3573,4
2023,658,-7.5772,13.5364,4
2023,659,-1.5474,-0.3859,4
2023,660,-8.1532,-8.8321,2
2023,661,-8.8177,-4.5723,2
2023,662,-5.3707,-9.1945,4
2023,663,-5.5108,-2.1255,4
2023,664,-5.3786,-4.0944,4
2023,665,-16.441,-0.3361,4
2023,666,-7.0203,-10.5673,4
2023,667,-19.5012,-14.8155,4
2023,668,-12.5759,-9.5136,4
2023,669,-4.962,-2.5159,4
2023,670,-17.1108,6.5071,4
2023,671,-10.5511,-0.8715,4
2023,672,14.5744,7.1807,3
2023,673,12.703,-2.5761,4
2023,674,9.1283,-5.7826,2
2023,675,6.6828,-4.9338,2
2023,676,4.4095,-2.2718,2
2023,677,13.3066,-4.2119,1
2023,678,13.6485,-5.5125,2
2023,679,10.3843,-8.615,4
2024,0,6.3604,-2.7117,0
2024,1,5.1862,-1.7265,1
2024,2,7.1662,-2.3376,1
2024,3,7.1621,0.0225,1
2024,4,8.2648,5.9452,1
2024,5,5.028,1.6974,2
2024,6,2.9826,1.9262,2
2024,7,9.4108,-4.4311,3
2024,8,-0.0588,9.1372,2
2024,9,2.8384,2.2638,2
2024,10,2.2529,6.7101,0
2024,11,8.474,0.8845,3
2024,12,2.3092,6.0806,3
2024,13,-3.2603,13.4183,3
2024,14,-0.2316,1.2788,0
2024,15,3.5437,-3.2074,1
2024,16,1.4189,-4.1784,1
2024,17,-2.6302,-3.8244,0
2024,18,0.1601,-2.7848,3
2024,19,14.5748,-6.0854,3
2024,20,2.633,3.9501,0
2024,21,3.3091,-1.7091,3
2024,22,4.6243,-5.9271,3
2024,23,0.3332,1.5198,3
2024,24,-2.9315,-2.17,3
2024,25,-0.4018,-1.2053,1
2024,26,3.4891,-0.0962,1
2024,27,-1.3619,4.2293,1
2024,28,1.5643,2.2023,3
2024,29,-0.0159,0.671,0
2024,30,0.3662,4.5777,3
2024,31,4.9878,-5.2833,3
2024,32,0.1966,0.1686,3
2024,33,4.4496,-2.1006,0
2024,34,5.0311,0.0576,3
2024,35,6.5306,2.7715,3
2024,36,2.9162,4.557,3
2024,37,-1.7252,5.2475,3
2024,38,5.7034,3.8107,3
2024,39,8.105,6.2907,0
2024,40,3.5357,8.9259,0
2024,41,6.1275,9.9421,3
2024,42,1.1327,13.3432,0
2024,43,-1.5232,7.2915,0
2024,44,8.5591,2.2152,0
2024,45,10.82,-4.3531,0
2024,46,4.723,11.3535,0
2024,47,1.8097,18.339,3
2024,48,5.7213,5.1816,0
2024,49,5.4355,5.7394,0
2024,50,1.4452,5.6069,0
2024,51,3.8819,10.3965,3
2024,52,7.9832,4.0897,0
2024,53,1.8659,4.2806,0
2024,54,10.1829,-1.223,0
2024,55,8.6386,-2.7416,0
2024,56,6.4777,0.8747,0
2024,57,-3.7527,7.7924,3
2024,58,-6.1569,4.7571,1
2024,59,-2.2994,4.0956,3
2024,60,0.4038,-0.5318,0
2024,61,-1.9533,8.9984,3
2024,62,3.2621,4.3794,1
2024,63,4.3847,1.6763,1
2024,64,6.3855,2.3187,1
2024,65,0.1445,7.2798,0
2024,66,6.7245,7.2856,0
2024,67,6.4444,1.0995,0
2024,68,-0.9822,20.4485,3
2024,69,3.1519,7.2682,0
2024,70,8.6841,2.0723,1
2024,71,7.9471,0.093,1
2024,72,0.5616,-3.0025,1
2024,73,5.3818,-2.9063,0
2024,74,-5.5556,7.3414,3
2024,75,-9.6319,-6.2295,3
2024,76,-0.3495,-3.2298,1
2024,77,-10.4912,-2.303,3
2024,78,-7.7731,3.3499,3
2024,79,1.5421,13.139,3
2024,80,-0.7651,4.0515,0
2024,81,9.5656,-1.1122,0
2024,82,6.1,9.1244,0
2024,83,0.2903,8.1014,1
2024,84,4.9872,-1.1541,0
2024,85,10.7134,1.2693,0
2024,86,3.5684,0.8648,0
2024,87,5.855,-0.5255,1
2024,88,5.4846,-2.2391,1
2024,89,3.4005,-3.432,1
2024,90,4.1058,-0.7261,1
2024,91,-0.973,-0.5977,1
2024,92,0.8049,5.0885,1
2024,93,1.6568,-1.4331,3
2024,94,7.1754,3.4601,0
2024,95,5.7319,8.1108,0
2024,96,1.8057,-1.7623,1
2024,97,1.3172,-3.2802,1
2024,98,2.8563,0.2845,1
2024,99,-1.0004,2.155,1
2024,100,-3.0712,1.953,3
2024,101,5.4885,10.1135,0
2024,102,3.5937,9.5172,1
2024,103,6.133,3.1048,2
2024,104,7.0422,-1.8882,1
2024,105,3.1514,-1.4476,1
2024,106,6.2659,6.2711,1
2024,107,4.6704,4.0385,1
2024,108,2.6988,5.7136,1
2024,109,2.9992,-3.3377,1
2024,110,1.2688,-1.2559,1
2024,111,8.1922,2.9235,1
2024,112,2.9871,-3.3135,3
2024,113,6.541,0.3275,3
2024,114,5.7439,1.7578,0
2024,115,6.0062,-0.9018,0
2024,116,2.6514,2.2097,0
2024,117,3.2014,2.2065,0
2024,118,10.3711,2.1425,0
2024,119,4.2201,-3.0464,0
2024,120,7.3092,5.2581,0
2024,121,6.0651,4.0315,0
2024,122,4.2611,6.6769,0
2024,123,6.5827,1.2816,0
2024,124,6.0199,6.7698,0
2024,125,0.7586,1.6595,1
2024,126,-1.9602,8.5746,3
2024,127,0.2228,5.6275,3
2024,128,0.1439,-2.2542,3
2024,129,8.449,1.1411,3
2024,130,5.5456,1.4653,0
2024,131,3.3536,8.2963,3
2024,132,2.0616,6.6205,3
2024,133,-10.4551,3.1321,3
2024,134,1.3396,-12.5567,3
2024,135,-5.681,-10.6145,3
2024,136,6.3734,9.1956,3
2024,137,3.4697,7.7506,3
2024,138,3.7202,2.6424,3
2024,139,2.7299,-4.5726,3
2024,140,7.4639,12.3233,0
2024,141,3.1227,11.6764,1
2024,142,7.9836,-1.4228,2
2024,143,0.7846,5.1455,1
2024,144,4.7009,-6.321,1
2024,145,0.0567,0.8291,1
2024,146,4.0536,-2.1544,1
2024,147,2.0415,1.4054,1
2024,148,6.2114,-3.2452,2
2024,149,1.0881,4.9279,1
2024,150,0.4917,10.841,1
2024,151,0.6233,0.8091,3
2024,152,8.1438,8.1794,0
2024,153,0.9573,5.335,2
2024,154,16.9313,-5.3347,2
2024,155,5.0628,11.9203,0
2024,156,4.0916,4.7915,1
2024,157,5.7463,6.2083,2
2024,158,2.0164,-8.7599,1
2024,159,-4.6072,-1.6502,1
2024,160,1.1131,-5.3072,1
2024,161,-2.2887,-2.7064,1
2024,162,8.493,-6.521,3
2024,163,6.5987,-2.9822,1
2024,164,6.9641,-3.0725,1
2024,165,8.4887,4.0829,1
2024,166,6.0506,1.5231,0
2024,167,4.6387,3.1242,3
2024,168,6.1307,4.0468,2
2024,169,-1.7255,9.4657,3
2024,170,4.6258,5.0905,3
2024,171,6.7123,-1.488,3
2024,172,6.5861,-3.3749,0
2024,173,1.6794,-8.313,3
2024,174,5.1718,-0.659,1
2024,175,-0.5771,0.5104,1
2024,176,3.0855,-0.4676,1
2024,177,2.3936,3.6305,1
2024,178,0.8427,4.7379,0
2024,179,3.1623,6.8323,0
2024,180,-0.2163,3.2067,3
2024,181,-1.024,-2.5348,3
2024,182,-6.0041,4.7766,3
2024,183,0.3832,6.7855,0
2024,184,3.5463,-1.2805,0
2024,185,1.6552,-1.6717,3
2024,186,-4.857,-4.9821,1
2024,187,-6.592,-2.7287,0
2024,188,-1.076,-6.7983,3
2024,189,-3.1778,16.5545,3
2024,190,7.27,1.5854,2
2024,191,8.1367,-0.8518,2
2024,192,4.2584,8.4225,0
2024,193,6.4199,-3.7501,3
2024,194,8.7853,-6.2581,2
2024,195,-3.5079,0.011,1
2024,196,2.8833,-1.9895,1
2024,197,7.6001,2.7712,1
2024,198,8.9977,6.4292,1
2024,199,7.2274,2.7223,1
2024,200,4.6472,1.3112,2
2024,201,7.4174,2.0289,2
2024,202,5.6052,9.5022,2
2024,203,3.8709,-2.283,2
2024,204,12.5004,0.8925,3
2024,205,6.3439,9.0243,0
2024,206,0.5356,13.7048,3
2024,207,-1.2804,10.7065,3
2024,208,2.5174,3.3174,0
2024,209,-2.4412,0.3781,3
2024,210,-6.4039,-1.943,3
2024,211,4.0347,2.6815,1
2024,212,2.2647,-2.0837,1
2024,213,-7.0837,-0.1213,3
2024,214,2.7943,-5.0861,0
2024,215,-2.1566,3.4539,3
2024,216,1.7433,-3.206,3
2024,217,0.2787,6.2451,3
2024,218,3.6982,9.6431,0
2024,219,5.356,10.2699,3
2024,220,1.6493,-6.677,3
2024,221,-0.8259,-6.2886,3
2024,222,-1.8379,-4.815,3
2024,223,-2.0111,4.0384,3
2024,224,0.4744,9.9088,3
2024,225,2.9337,13.5423,3
2024,226,-0.0873,2.7996,1
2024,227,5.7972,-1.3258,1
2024,228,5.0079,0.3398,1
2024,229,-0.0126,1.9439,3
2024,230,1.4191,5.8386,3
2024,231,-4.0192,5.4772,3
2024,232,3.4401,0.7408,1
2024,233,-2.3112,5.4637,0
2024,234,1.6361,6.2375,0
2024,235,3.9846,2.5381,0
2024,236,4.2605,9.8656,0
2024,237,8.5711,0.9146,1
2024,238,9.2405,-0.6515,0
2024,239,4.8364,1.2736,0
2024,240,7.608,-1.6403,0
2024,241,5.2418,0.7001,0
2024,242,2.3767,5.4442,0
2024,243,7.7212,1.1649,0
2024,244,10.0481,4.0064,0
2024,245,-5.8498,7.5728,3
2024,246,0.8695,-2.7943,1
2024,247,-1.4465,-2.6607,3
2024,248,-3.5197,0.1283,0
2024,249,-2.2008,11.9851,3
2024,250,4.4476,5.8173,1
2024,251,6.3455,-0.6665,3
2024,252,6.138,0.3339,1
2024,253,-1.8861,5.6163,0
2024,254,4.2755,-4.0966,3
2024,255,6.7878,2.0562,0
2024,256,5.9041,3.9605,0
2024,257,2.1281,1.2281,1
2024,258,0.3302,-2.1905,0
2024,259,7.198,-3.2418,3
2024,260,-2.1537,9.066,3
2024,261,-4.0306,5.4941,3
2024,262,-6.311,3.0625,3
2024,263,-16.5791,-3.5993,3
2024,264,-9.2184,-1.5026,3
2024,265,-10.8281,-2.9153,3
2024,266,-10.6747,-1.3351,3
2024,267,-10.4417,-1.658,3
2024,268,-1.1124,-4.5061,1
2024,269,-4.9186,-5.2308,3
2024,270,-7.7073,-1.5534,3
2024,271,12.2209,-0.5678,0
2024,272,3.7721,11.0659,0
2024,273,5.0271,5.2634,0
2024,274,4.4961,6.2146,1
2024,275,6.3509,0.1467,2
2024,276,3.4693,-6.621,1
2024,277,-0.4149,2.8022,1
2024,278,3.334,3.1501,1
2024,279,-0.8917,-1.4113,1
2024,280,0.8634,0.3526,1
2024,281,2.908,3.2166,1
2024,282,-2.7284,-0.5537,1
2024,283,-2.0324,7.4275,1
2024,284,1.1136,2.8302,3
2024,285,1.2894,7.9428,0
2024,286,6.7136,4.5583,2
2024,287,2.3914,6.4301,0
2024,288,3.1789,10.045,1
2024,289,2.4952,1.8053,2
2024,290,-1.6554,-8.6053,1
2024,291,-3.1894,-2.6118,1
2024,292,1.6773,0.8708,1
2024,293,1.8222,-0.8725,1
2024,294,-0.0184,-0.9343,1
2024,295,2.9824,-3.1185,2
2024,296,2.0079,11.9438,1
2024,297,1.9735,3.5919,1
2024,298,0.2524,-1.5737,3
2024,299,-1.5999,8.3793,1
2024,300,7.5365,4.1811,2
2024,301,-1.8051,-0.236,3
2024,302,-0.3473,9.9086,3
2024,303,1.2882,-2.8609,3
2024,304,5.9825,-3.5275,3
2024,305,-2.3795,-1.1067,1
2024,306,0.7101,10.1096,1
2024,307,4.1227,8.517,1
2024,308,7.6663,-1.1251,0
2024,309,4.7013,1.426,0
2024,310,7.7514,3.5904,0
2024,311,7.6445,-0.7924,0
2024,312,-1.9169,4.1698,1
2024,313,-2.7811,0.4313,0
2024,314,2.6519,7.1833,0
2024,315,8.1782,-0.5154,0
2024,316,-11.146,-4.4091,3
2024,317,-11.437,-1.776,3
2024,318,-13.5356,-11.3374,3
2024,319,3.7849,12.376,0
2024,320,6.7501,1.1584,1
2024,321,4.4652,7.8669,0
2024,322,9.3548,8.7726,1
2024,323,6.9768,0.6593,2
2024,324,7.1297,4.1072,2
2024,325,5.2994,0.9563,1
2024,326,13.3867,0.1294,2
2024,327,2.7868,6.5796,1
2024,328,2.9344,1.2011,1
2024,329,5.8586,-2.1437,1
2024,330,7.0066,2.219,1
2024,331,4.2796,5.7445,1
2024,332,1.541,3.08,0
2024,333,4.1531,7.8224,3
2024,334,7.8984,-2.3365,3
2024,335,4.2574,9.9692,0
2024,336,4.3433,0.3978,1
2024,337,-3.7537,-1.2658,1
2024,338,2.0722,2.7851,1
2024,339,8.6401,-6.2868,1
2024,340,4.1767,-2.9227,3
2024,341,2.699,-4.2525,0
2024,342,-1.0627,3.511,3
2024,343,9.0792,-4.0717,1
2024,344,5.3116,1.6924,0
2024,345,-2.9111,1.658,3
2024,346,5.5618,6.5057,3
2024,347,4.9328,2.8428,0
2024,348,1.1015,-1.724,0
2024,349,3.5437,0.1646,3
2024,350,0.8992,2.4963,3
2024,351,-0.9595,5.6531,3
2024,352,3.1442,-1.0904,3
2024,353,2.9105,2.8254,3
2024,354,0.995,7.9203,3
2024,355,0.8301,3.3435,3
2024,356,-3.7509,3.936,3
2024,357,6.6042,4.3985,3
2024,358,0.7784,6.7492,3
2024,359,3.438,-4.5001,3
2024,360,3.1538,-2.6238,3
2024,361,2.0915,2.7254,3
2024,362,5.3819,-4.2251,0
2024,363,1.427,6.5902,0
2024,364,3.7482,-0.7367,0
2024,365,3.6307,1.2482,0
2024,366,-1.9295,8.5158,3
2024,367,-3.1488,4.5105,3
2024,368,3.4708,13.3921,3
2024,369,10.263,1.9444,0
2024,370,8.6313,4.8504,0
2024,371,6.526,13.8517,0
2024,372,3.435,8.9084,0
2024,373,5.036,1.752,0
2024,374,2.7422,14.4855,0
2024,375,2.6015,4.4722,0
2024,376,4.2448,10.8531,3
2024,377,7.5633,5.6289,0
2024,378,1.1571,9.9944,1
2024,379,5.3185,5.7912,0
2024,380,-0.4163,1.3073,0
2024,381,4.1332,-0.154,3
2024,382,-2.2405,8.0723,3
2024,383,-2.8847,6.1345,3
2024,384,2.5536,10.3413,0
2024,385,1.6619,-1.8403,3
2024,386,8.0923,-2.9951,3
2024,387,2.6185,3.1468,3
2024,388,5.8987,-0.1367,0
2024,389,0.6023,5.2757,0
2024,390,-9.2074,7.8177,3
2024,391,-0.3475,9.0806,3
2024,392,0.1204,-1.845,3
2024,393,0.157,2.0363,1
2024,394,-5.756,-4.3373,0
2024,395,-0.358,-3.2817,3
2024,396,-7.0313,1.6831,3
2024,397,0.0756,5.5781,0
2024,398,-1.2114,6.2522,3
2024,399,-0.706,3.09,1
2024,400,-1.1955,-3.4242,0
2024,401,4.1449,5.6331,0
2024,402,5.5255,6.0343,0
2024,403,4.9241,4.9223,0
2024,404,4.5622,3.7985,0
2024,405,7.6121,2.5183,0
2024,406,2.8381,4.8934,0
2024,407,5.4262,7.8144,0
2024,408,8.3536,5.6289,0
2024,409,4.8564,12.9911,1
2024,410,9.3028,1.5924,2
2024,411,-1.0309,0.735,1
2024,412,0.3529,-1.7697,1
2024,413,6.1278,3.8476,1
2024,414,-0.9056,9.6078,1
2024,415,-1.2277,-1.0226,1
2024,416,5.4797,-2.0715,2
2024,417,-0.0295,-0.653,1
2024,418,0.39,6.4479,1
2024,419,-1.5937,0.1665,0
2024,420,5.3671,7.7934,3
2024,421,5.457,0.5796,2
2024,422,6.9803,-4.4999,2
2024,423,3.5867,10.36,0
2024,424,5.1776,6.4522,1
2024,425,4.6349,4.6966,2
2024,426,-0.9002,2.2118,1
2024,427,0.0989,0.6014,1
2024,428,3.0425,-2.0152,1
2024,429,2.7317,-4.119,1
2024,430,-1.6272,0.6276,1
2024,431,6.9264,-7.22,2
2024,432,3.3962,11.1,0
2024,433,6.6822,7.5807,1
2024,434,7.1748,7.435,2
2024,435,7.3831,7.188,1
2024,436,5.029,7.041,1
2024,437,3.7598,-0.0203,1
2024,438,5.3163,0.0863,1
2024,439,5.3163,4.2756,2
2024,440,3.8656,-0.6135,2
2024,441,4.2282,-2.3605,1
2024,442,6.5704,11.2726,1
2024,443,1.8663,4.7449,3
2024,444,6.1292,4.4764,3
2024,445,3.4467,5.4099,0
2024,446,10.0834,-1.6952,3
2024,447,5.9971,-0.2183,1
2024,448,8.556,-3.5467,1
2024,449,7.0228,3.9095,1
2024,450,5.0684,-5.8685,3
2024,451,4.3131,-4.0693,3
2024,452,3.1827,9.7487,3
2024,453,3.7545,-5.4196,1
2024,454,0.0164,-1.9427,3
2024,455,-2.4394,0.4581,3
2024,456,3.3754,-3.555,3
2024,457,1.6435,-7.1195,3
2024,458,-1.5024,-0.5302,3
2024,459,7.6855,1.666,1
2024,460,5.0225,2.3164,1
2024,461,-1.4713,-0.5003,0
2024,462,-0.3205,-2.3265,0
2024,463,-0.0257,12.9944,3
2024,464,-2.7896,9.5759,3
2024,465,6.1087,4.3186,0
2024,466,8.3761,11.0066,0
2024,467,0.2115,13.2798,3
2024,468,5.7144,6.2387,0
2024,469,6.1778,3.2495,0
2024,470,6.8872,9.0085,0
2024,471,4.1324,7.0638,3
2024,472,0.5266,15.5126,3
2024,473,2.1648,6.5345,3
2024,474,2.8704,5.4658,3
2024,475,10.1457,-1.7239,0
2024,476,4.6886,1.9997,3
2024,477,0.0117,-0.3449,0
2024,478,3.7303,5.0256,0
2024,479,5.2186,2.0819,0
2024,480,-0.106,0.1382,0
2024,481,2.3753,-5.2281,3
2024,482,4.6941,-5.6603,1
2024,483,-0.4859,-2.9838,0
2024,484,-8.7293,-1.389,3
2024,485,-1.5696,2.7024,3
2024,486,0.2107,10.1366,3
2024,487,-2.7548,8.7589,0
2024,488,-1.7931,10.4171,3
2024,489,0.7344,11.1416,3
2024,490,0.6515,-3.6941,0
2024,491,2.2578,7.8963,3
2024,492,3.1649,0.1031,3
2024,493,1.9743,2.6027,1
2024,494,1.219,1.7099,2
2024,495,9.324,8.1344,0
2024,496,0.2925,0.3182,1
2024,497,8.0855,-2.268,2
2024,498,8.0003,9.8338,0
2024,499,4.3569,-1.314,2
2024,500,2.7514,-0.5965,1
2024,501,2.2753,4.0682,1
2024,502,-1.1262,9.5603,0
